"name","n","unique","mode","mode_value","v"
"Sex",495,3,281,"Boy",0.49083971023365
"SES (m)",483,4,176,"high",0.662285834308519
"SES (f)",464,4,245,"high",0.594576768727705
"SES family",487,3,434,"medium/high",0.19397138749162
"Which religion",491,8,281,"Atheist",0.62674370854609
"Religious",491,3,281,"No",0.489545007694509
